,date,revenue,rev_per_transaction
0,2009-01-03,0.0,0.0
1,2009-01-06,0.0,0.0
2,2009-01-09,0.0,0.0
3,2009-01-12,0.0,0.0
4,2009-01-15,0.0,0.0
5,2009-01-18,0.0,0.0
6,2009-01-21,0.0,0.0
7,2009-01-24,0.0,0.0
8,2009-01-27,0.0,0.0
9,2009-01-30,0.0,0.0
10,2009-02-02,0.0,0.0
11,2009-02-05,0.0,0.0
12,2009-02-08,0.0,0.0
13,2009-02-11,0.0,0.0
14,2009-02-14,0.0,0.0
15,2009-02-17,0.0,0.0
16,2009-02-20,0.0,0.0
17,2009-02-23,0.0,0.0
18,2009-02-26,0.0,0.0
19,2009-03-01,0.0,0.0
20,2009-03-04,0.0,0.0
21,2009-03-07,0.0,0.0
22,2009-03-10,0.0,0.0
23,2009-03-13,0.0,0.0
24,2009-03-16,0.0,0.0
25,2009-03-19,0.0,0.0
26,2009-03-22,0.0,0.0
27,2009-03-25,0.0,0.0
28,2009-03-28,0.0,0.0
29,2009-03-31,0.0,0.0
30,2009-04-03,0.0,0.0
31,2009-04-06,0.0,0.0
32,2009-04-09,0.0,0.0
33,2009-04-12,0.0,0.0
34,2009-04-15,0.0,0.0
35,2009-04-18,0.0,0.0
36,2009-04-21,0.0,0.0
37,2009-04-24,0.0,0.0
38,2009-04-27,0.0,0.0
39,2009-04-30,0.0,0.0
40,2009-05-03,0.0,0.0
41,2009-05-06,0.0,0.0
42,2009-05-09,0.0,0.0
43,2009-05-12,0.0,0.0
44,2009-05-15,0.0,0.0
45,2009-05-18,0.0,0.0
46,2009-05-21,0.0,0.0
47,2009-05-24,0.0,0.0
48,2009-05-27,0.0,0.0
49,2009-05-30,0.0,0.0
50,2009-06-02,0.0,0.0
51,2009-06-05,0.0,0.0
52,2009-06-08,0.0,0.0
53,2009-06-11,0.0,0.0
54,2009-06-14,0.0,0.0
55,2009-06-17,0.0,0.0
56,2009-06-20,0.0,0.0
57,2009-06-23,0.0,0.0
58,2009-06-26,0.0,0.0
59,2009-06-29,0.0,0.0
60,2009-07-02,0.0,0.0
61,2009-07-05,0.0,0.0
62,2009-07-08,0.0,0.0
63,2009-07-11,0.0,0.0
64,2009-07-14,0.0,0.0
65,2009-07-17,0.0,0.0
66,2009-07-20,0.0,0.0
67,2009-07-23,0.0,0.0
68,2009-07-26,0.0,0.0
69,2009-07-29,0.0,0.0
70,2009-08-01,0.0,0.0
71,2009-08-04,0.0,0.0
72,2009-08-07,0.0,0.0
73,2009-08-10,0.0,0.0
74,2009-08-13,0.0,0.0
75,2009-08-16,0.0,0.0
76,2009-08-19,0.0,0.0
77,2009-08-22,0.0,0.0
78,2009-08-25,0.0,0.0
79,2009-08-28,0.0,0.0
80,2009-08-31,0.0,0.0
81,2009-09-03,0.0,0.0
82,2009-09-06,0.0,0.0
83,2009-09-09,0.0,0.0
84,2009-09-12,0.0,0.0
85,2009-09-15,0.0,0.0
86,2009-09-18,0.0,0.0
87,2009-09-21,0.0,0.0
88,2009-09-24,0.0,0.0
89,2009-09-27,0.0,0.0
90,2009-09-30,0.0,0.0
91,2009-10-03,0.0,0.0
92,2009-10-06,0.0,0.0
93,2009-10-09,0.0,0.0
94,2009-10-12,0.0,0.0
95,2009-10-15,0.0,0.0
96,2009-10-18,0.0,0.0
97,2009-10-21,0.0,0.0
98,2009-10-24,0.0,0.0
99,2009-10-27,0.0,0.0
100,2009-10-30,0.0,0.0
101,2009-11-02,0.0,0.0
102,2009-11-05,0.0,0.0
103,2009-11-08,0.0,0.0
104,2009-11-11,0.0,0.0
105,2009-11-14,0.0,0.0
106,2009-11-17,0.0,0.0
107,2009-11-20,0.0,0.0
108,2009-11-23,0.0,0.0
109,2009-11-26,0.0,0.0
110,2009-11-29,0.0,0.0
111,2009-12-02,0.0,0.0
112,2009-12-05,0.0,0.0
113,2009-12-08,0.0,0.0
114,2009-12-11,0.0,0.0
115,2009-12-14,0.0,0.0
116,2009-12-17,0.0,0.0
117,2009-12-20,0.0,0.0
118,2009-12-23,0.0,0.0
119,2009-12-26,0.0,0.0
120,2009-12-29,0.0,0.0
121,2010-01-01,0.0,0.0
122,2010-01-04,0.0,0.0
123,2010-01-07,0.0,0.0
124,2010-01-10,0.0,0.0
125,2010-01-13,0.0,0.0
126,2010-01-16,0.0,0.0
127,2010-01-19,0.0,0.0
128,2010-01-22,0.0,0.0
129,2010-01-25,0.0,0.0
130,2010-01-28,0.0,0.0
131,2010-01-31,0.0,0.0
132,2010-02-03,0.0,0.0
133,2010-02-06,0.0,0.0
134,2010-02-09,0.0,0.0
135,2010-02-12,0.0,0.0
136,2010-02-15,0.0,0.0
137,2010-02-18,0.0,0.0
138,2010-02-21,0.0,0.0
139,2010-02-24,0.0,0.0
140,2010-02-27,0.0,0.0
141,2010-03-02,0.0,0.0
142,2010-03-05,0.0,0.0
143,2010-03-08,0.0,0.0
144,2010-03-11,0.0,0.0
145,2010-03-14,0.0,0.0
146,2010-03-17,0.0,0.0
147,2010-03-20,0.0,0.0
148,2010-03-23,0.0,0.0
149,2010-03-26,0.0,0.0
150,2010-03-29,0.0,0.0
151,2010-04-01,0.0,0.0
152,2010-04-04,0.0,0.0
153,2010-04-07,0.0,0.0
154,2010-04-10,0.0,0.0
155,2010-04-13,0.0,0.0
156,2010-04-16,0.0,0.0
157,2010-04-19,0.0,0.0
158,2010-04-22,0.0,0.0
159,2010-04-25,0.0,0.0
160,2010-04-28,0.0,0.0
161,2010-05-01,0.0,0.0
162,2010-05-04,0.0,0.0
163,2010-05-07,0.0,0.0
164,2010-05-10,0.0,0.0
165,2010-05-13,0.0,0.0
166,2010-05-16,0.0,0.0
167,2010-05-19,0.0,0.0
168,2010-05-22,0.0,0.0
169,2010-05-25,0.0,0.0
170,2010-05-28,0.0,0.0
171,2010-05-31,0.0,0.0
172,2010-06-03,0.0,0.0
173,2010-06-06,0.0,0.0
174,2010-06-09,0.0,0.0
175,2010-06-12,0.0,0.0
176,2010-06-15,0.0,0.0
177,2010-06-18,0.0,0.0
178,2010-06-21,0.0,0.0
179,2010-06-24,0.0,0.0
180,2010-06-27,0.0,0.0
181,2010-06-30,0.0,0.0
182,2010-07-03,0.0,0.0
183,2010-07-06,0.0,0.0
184,2010-07-09,0.0,0.0
185,2010-07-12,0.0,0.0
186,2010-07-15,0.0,0.0
187,2010-07-18,0.0,0.0
188,2010-07-21,0.0,0.0
189,2010-07-24,0.0,0.0
190,2010-07-27,0.0,0.0
191,2010-07-30,0.0,0.0
192,2010-08-02,0.0,0.0
193,2010-08-05,0.0,0.0
194,2010-08-08,0.0,0.0
195,2010-08-11,0.0,0.0
196,2010-08-14,0.0,0.0
197,2010-08-17,503.695,503.695
198,2010-08-20,556.9449999999998,556.9449999999998
199,2010-08-23,716.1,716.1
200,2010-08-26,691.5896,345.7948
201,2010-08-29,511.92,511.92
202,2010-09-01,571.12,571.12
203,2010-09-04,548.635,274.3175
204,2010-09-07,466.9675,466.9675
205,2010-09-10,530.1855,265.09275
206,2010-09-13,508.48199999999997,508.48199999999997
207,2010-09-16,588.05,196.01666666666665
208,2010-09-19,657.2895,328.64475
209,2010-09-22,543.2199999999998,271.6099999999999
210,2010-09-25,630.24,315.12
211,2010-09-28,677.268,225.756
212,2010-10-01,483.5922,241.7961
213,2010-10-04,477.4,238.7
214,2010-10-07,551.87,275.935
215,2010-10-10,1032.0,1032.0
216,2010-10-13,802.75,802.75
217,2010-10-16,1302.55,651.275
218,2010-10-19,1244.16,622.08
219,2010-10-22,818.55,409.275
220,2010-10-25,1575.0,1575.0
221,2010-10-28,2042.6075,2042.6075
222,2010-10-31,1810.9,1810.9
223,2010-11-03,2763.75,2763.75
224,2010-11-06,2929.0,2929.0
225,2010-11-09,4041.6,4041.6
226,2010-11-12,2146.05,2146.05
227,2010-11-15,3124.94,29.205046728971965
228,2010-11-18,3813.48685,1906.743425
229,2010-11-21,1957.79,279.6842857142857
230,2010-11-24,2617.6575000000007,1308.8287500000004
231,2010-11-27,2602.25085,1301.125425
232,2010-11-30,2887.5000000000005,2887.5000000000005
233,2010-12-03,2450.88,1225.44
234,2010-12-06,2700.0,1350.0
235,2010-12-09,2985.0,746.25
236,2010-12-12,1983.6,991.8
237,2010-12-15,2208.86,441.77200000000005
238,2010-12-18,1967.1,655.6999999999999
239,2010-12-21,2650.5365,662.634125
240,2010-12-24,1875.0,625.0
241,2010-12-27,2133.25,711.0833333333334
242,2010-12-30,2399.992,299.999
243,2011-01-02,2699.9640000000004,449.9940000000001
244,2011-01-05,2242.485,280.310625
245,2011-01-08,3099.8208,516.6368
246,2011-01-11,2664.9,532.98
247,2011-01-14,3915.0,783.0
248,2011-01-17,3460.0,432.5
249,2011-01-20,3087.0,514.5
250,2011-01-23,3776.55,629.4250000000001
251,2011-01-26,4143.75,345.3125
252,2011-01-29,3345.0,669.0
253,2011-02-01,8502.5,2125.625
254,2011-02-04,8360.0,1672.0
255,2011-02-07,9330.255,933.0255
256,2011-02-10,10395.0,1039.5
257,2011-02-13,11016.0,1224.0
258,2011-02-16,12129.6945,1212.96945
259,2011-02-19,8976.0,997.3333333333334
260,2011-02-22,9216.6894,1152.086175
261,2011-02-25,11100.0,652.9411764705883
262,2011-02-28,7926.078850000001,1132.2969785714288
263,2011-03-03,8606.64,662.0492307692307
264,2011-03-06,12295.559725,819.7039816666667
265,2011-03-09,6984.2841530000005,279.37136612
266,2011-03-12,6300.8647,262.53602916666665
267,2011-03-15,4365.342135,207.873435
268,2011-03-18,5870.107916999998,202.4175143793103
269,2011-03-21,6114.0548,291.14546666666666
270,2011-03-24,6848.1,380.45000000000005
271,2011-03-27,6857.349,857.168625
272,2011-03-30,6203.385,516.94875
273,2011-04-02,7532.960440000001,684.8145854545455
274,2011-04-05,7174.549999999998,797.172222222222
275,2011-04-08,6234.597000000002,519.5497500000001
276,2011-04-11,6016.824000000001,546.9840000000002
277,2011-04-14,7675.0999999999985,307.00399999999996
278,2011-04-17,9657.585,742.8911538461538
279,2011-04-20,8633.2653,664.0973307692307
280,2011-04-23,13174.245,598.8293181818182
281,2011-04-26,16703.15,726.2239130434783
282,2011-04-29,27288.9,1819.26
283,2011-05-02,31126.47,1830.9688235294118
284,2011-05-05,39924.5,2661.633333333333
285,2011-05-08,40189.5,1913.7857142857142
286,2011-05-11,56762.33500000001,3153.463055555556
287,2011-05-14,110475.7,3945.5607142857143
288,2011-05-17,109166.18712999999,5198.389863333333
289,2011-05-20,79633.59999999999,3792.0761904761903
290,2011-05-23,103324.05,3228.8765625
291,2011-05-26,148533.6,3622.7707317073173
292,2011-05-29,73637.0688,1796.0260682926828
293,2011-06-01,83777.11099999999,2148.131051282051
294,2011-06-04,188567.71,3308.205438596491
295,2011-06-07,161590.68,3297.768979591837
296,2011-06-10,396795.0,7935.9
297,2011-06-13,301105.0,5103.474576271186
298,2011-06-16,201216.76,5159.404102564103
299,2011-06-19,207189.5616,4504.120904347826
300,2011-06-22,203430.85,2865.2232394366197
301,2011-06-25,133249.6,2467.5851851851853
302,2011-06-28,134395.91999999998,2742.77387755102
303,2011-07-01,153272.0,2189.6
304,2011-07-04,130207.75,2456.75
305,2011-07-07,110727.5,1815.204918032787
306,2011-07-10,113084.16,2133.663396226415
307,2011-07-13,129684.75,2446.882075471698
308,2011-07-16,112278.3,2041.4236363636364
309,2011-07-19,120789.9,2745.225
310,2011-07-22,99816.4629,2169.923106521739
311,2011-07-25,115899.8337,2575.55186
312,2011-07-28,116998.0,1983.0169491525423
313,2011-07-31,125248.5594,2408.626142307692
314,2011-08-03,104236.7,1895.2127272727273
315,2011-08-06,68277.0,1137.95
316,2011-08-09,80598.09999999999,1321.2803278688523
317,2011-08-12,67841.51471608,1076.8494399377778
318,2011-08-15,85120.51000000001,1737.1532653061226
319,2011-08-18,92263.02,2145.651627906977
320,2011-08-21,84085.45,1751.7802083333333
321,2011-08-24,74772.6,1206.0096774193548
322,2011-08-27,59716.05,1066.3580357142857
323,2011-08-30,70960.65405,1364.6279625
324,2011-09-02,68883.58450000001,1435.0746770833337
325,2011-09-05,65255.169,1450.1148666666668
326,2011-09-08,45748.57286,953.0952679166667
327,2011-09-11,51089.60000000001,1087.012765957447
328,2011-09-14,45541.9700068427,892.9798040557391
329,2011-09-17,30910.41,686.898
330,2011-09-20,47266.02,1211.9492307692308
331,2011-09-23,38250.87059,889.55513
332,2011-09-26,37418.33942,912.6424248780487
333,2011-09-29,32234.727000000006,805.8681750000002
334,2011-10-02,33813.48,786.3600000000001
335,2011-10-05,34436.325000000004,748.6157608695653
336,2011-10-08,29645.082,570.0977307692308
337,2011-10-11,21958.61304,563.04136
338,2011-10-14,27374.10115,760.3916986111111
339,2011-10-17,21258.81384,416.8394870588235
340,2011-10-20,12475.1,311.8775
341,2011-10-23,17650.079999999998,353.00159999999994
342,2011-10-26,15682.828000000001,435.63411111111117
343,2011-10-29,22783.14301,506.2920668888889
344,2011-11-01,24471.75,741.5681818181819
345,2011-11-04,23023.64722,590.3499287179487
346,2011-11-07,19848.3817,508.93286410256417
347,2011-11-10,21759.0,588.081081081081
348,2011-11-13,22783.847999999998,632.8846666666666
349,2011-11-16,17297.8,467.5081081081081
350,2011-11-19,14841.9,337.3159090909091
351,2011-11-22,15869.55,377.84642857142853
352,2011-11-25,16647.68,387.1553488372093
353,2011-11-28,15749.354969999999,437.48208249999993
354,2011-12-01,29057.56,660.3990909090909
355,2011-12-04,20490.47,553.7964864864865
356,2011-12-07,22661.946,629.4985
357,2011-12-10,23873.12,542.570909090909
358,2011-12-13,21298.2,687.0387096774194
359,2011-12-16,20032.46,556.4572222222222
360,2011-12-19,27948.81908,798.537688
361,2011-12-22,27560.69896,787.4485417142857
362,2011-12-25,38199.169400000006,979.4658820512822
363,2011-12-28,31429.166639999996,827.0833326315789
364,2011-12-31,40224.735,855.8454255319149
365,2012-01-03,42875.45,1099.3705128205127
366,2012-01-06,61413.32,1306.6663829787235
367,2012-01-09,58003.2,1381.0285714285715
368,2012-01-12,58361.977,1423.4628536585365
369,2012-01-15,51767.86594,1078.4972070833335
370,2012-01-18,49421.45,1453.5720588235292
371,2012-01-21,58655.25,1150.1029411764705
372,2012-01-24,44028.37,1128.9325641025641
373,2012-01-27,39658.019,777.6082156862745
374,2012-01-30,46508.0,1011.0434782608696
375,2012-02-02,50592.0,1076.4255319148936
376,2012-02-05,40568.85000000001,699.462931034483
377,2012-02-08,38629.4376,757.4399529411764
378,2012-02-11,41424.0,583.4366197183099
379,2012-02-14,38113.6,1030.0972972972972
380,2012-02-17,33881.16794,752.914843111111
381,2012-02-20,33009.56,846.3989743589743
382,2012-02-23,41388.10324,940.63871
383,2012-02-26,38015.54946,666.9394642105264
384,2012-02-29,45584.7,911.694
385,2012-03-03,28455.042350000003,677.5010083333334
386,2012-03-06,37390.2,983.9526315789473
387,2012-03-09,41099.0197,805.863131372549
388,2012-03-12,41919.69495000001,974.8766267441863
389,2012-03-15,35174.3,799.4159090909092
390,2012-03-18,41979.98394,874.58299875
391,2012-03-21,39466.48,939.6780952380954
392,2012-03-24,40860.05184,756.6676266666667
393,2012-03-27,35090.22,948.3843243243243
394,2012-03-30,36244.32,683.8550943396226
395,2012-04-02,32278.32,701.7026086956522
396,2012-04-05,29451.586160000006,507.78596827586216
397,2012-04-08,35054.4,594.142372881356
398,2012-04-11,35022.1796,603.8306827586207
399,2012-04-14,33474.65,656.3656862745098
400,2012-04-17,35691.85149,793.1522553333333
401,2012-04-20,40098.52,716.045
402,2012-04-23,38633.99796,858.533288
403,2012-04-26,39953.34,713.4525
404,2012-04-29,41677.812000000005,453.019695652174
405,2012-05-02,39908.6034,420.09056210526313
406,2012-05-05,40212.4455,456.95960795454545
407,2012-05-08,47491.2,448.03018867924527
408,2012-05-11,30996.3808,177.122176
409,2012-05-14,36148.408,138.49964750957855
410,2012-05-17,30344.895,140.485625
411,2012-05-20,36678.3,146.7132
412,2012-05-23,31300.56,133.19387234042554
413,2012-05-26,34838.134,243.62331468531468
414,2012-05-29,35173.312020000005,209.36495250000002
415,2012-06-01,39867.55,369.1439814814815
416,2012-06-04,40000.473,212.7684734042553
417,2012-06-07,34943.28,236.10324324324324
418,2012-06-10,47904.88,132.70049861495843
419,2012-06-13,48484.6,195.5024193548387
420,2012-06-16,52989.97,244.19341013824885
421,2012-06-19,59619.61044,382.17699
422,2012-06-22,48134.50998,254.67994698412699
423,2012-06-25,49432.72336,297.78749012048195
424,2012-06-28,45122.25102,285.5838672151899
425,2012-07-01,46255.54,323.4653146853147
426,2012-07-04,52151.1,340.85686274509806
427,2012-07-07,57678.75,329.59285714285716
428,2012-07-10,54813.708,316.84224277456644
429,2012-07-13,63689.8,313.74285714285713
430,2012-07-16,61519.34789999999,246.07739159999997
431,2012-07-19,66501.1047,359.4654308108108
432,2012-07-22,62685.0,399.26751592356686
433,2012-07-25,67660.39570000001,328.44852281553403
434,2012-07-28,76083.59999999999,362.3028571428571
435,2012-07-31,62955.35999999999,286.16072727272723
436,2012-08-03,96366.6396,422.66069999999996
437,2012-08-06,79850.80064,422.49100867724866
438,2012-08-09,95616.0,415.7217391304348
439,2012-08-12,99614.255,349.52370175438597
440,2012-08-15,108683.26,569.0223036649214
441,2012-08-18,113230.2388,589.7408270833333
442,2012-08-21,93451.80927,540.1838686127168
443,2012-08-24,80134.5,394.7512315270936
444,2012-08-27,90869.77521,353.57889186770433
445,2012-08-30,86697.599,301.0333298611111
446,2012-09-02,78269.31319,416.3261339893617
447,2012-09-05,95474.392,430.06482882882887
448,2012-09-08,78727.83,410.04078125
449,2012-09-11,88757.30529,487.6775015934066
450,2012-09-14,95421.75,425.98995535714283
451,2012-09-17,105437.475,764.0396739130435
452,2012-09-20,93500.6842,588.0546176100629
453,2012-09-23,91632.1285,503.47323351648356
454,2012-09-26,88023.04,550.144
455,2012-09-29,105090.86,477.68572727272726
456,2012-10-02,87906.0,380.54545454545456
457,2012-10-05,88682.73,410.56819444444443
458,2012-10-08,100614.32,394.56596078431375
459,2012-10-11,84415.75,383.7079545454545
460,2012-10-14,82992.0,463.64245810055866
461,2012-10-17,85320.84,398.6955140186916
462,2012-10-20,81954.59999999999,403.7172413793103
463,2012-10-23,82488.0,808.7058823529412
464,2012-10-26,89531.63208000002,436.73966868292695
465,2012-10-29,86669.25,492.43892045454544
466,2012-11-01,76381.38799999999,370.7834368932038
467,2012-11-04,85632.23999999999,462.8769729729729
468,2012-11-07,88371.10037,507.87988718390807
469,2012-11-10,87902.05879,317.3359523104693
470,2012-11-13,75877.522,364.79577884615384
471,2012-11-16,83567.6,312.987265917603
472,2012-11-19,72888.47646,404.93598033333336
473,2012-11-22,90540.44,466.7032989690722
474,2012-11-25,89170.2,407.1698630136986
475,2012-11-28,98872.33928,663.5727468456375
476,2012-12-01,51119.06562,196.61179084615384
477,2012-12-04,36293.93325,144.02354464285716
478,2012-12-07,42750.0,156.5934065934066
479,2012-12-10,48536.10000000001,170.90176056338032
480,2012-12-13,47499.22138,128.72417718157183
481,2012-12-16,39657.22296,118.02744928571428
482,2012-12-19,48423.986,165.83556849315067
483,2012-12-22,49453.93722,185.2207386516854
484,2012-12-25,41641.2,152.53186813186812
485,2012-12-28,60578.2562,243.28616947791167
486,2012-12-31,57431.34,220.04344827586206
487,2013-01-03,54327.24000000001,221.74383673469393
488,2013-01-06,48532.07413,107.60992046563193
489,2013-01-09,46955.97234,165.3379307746479
490,2013-01-12,43236.51987,110.86287146153845
491,2013-01-15,46463.078910000004,147.50183780952383
492,2013-01-18,50576.54,140.4903888888889
493,2013-01-21,62486.4,175.52359550561798
494,2013-01-24,71808.94257999999,217.60285630303028
495,2013-01-27,69245.96153,187.15124737837837
496,2013-01-30,72180.8,221.41349693251536
497,2013-02-02,86066.90000000001,218.99974554707381
498,2013-02-05,90270.18,258.6538108882521
499,2013-02-08,85343.95,233.8190410958904
500,2013-02-11,97362.692,360.60256296296296
501,2013-02-14,110076.78708,329.5712188023952
502,2013-02-17,120333.4017,329.68055260273974
503,2013-02-20,130369.23163,390.32704080838323
504,2013-02-23,120018.63802,337.1310056741573
505,2013-02-26,122502.291,375.7738987730061
506,2013-03-01,140244.39779000002,342.0595068048781
507,2013-03-04,160957.80000000002,574.8492857142858
508,2013-03-07,168186.14617999998,447.3035802659574
509,2013-03-10,218038.5,617.6728045325779
510,2013-03-13,183128.36087,832.4016403181819
511,2013-03-16,209027.07,867.3322406639004
512,2013-03-19,287529.28,1255.5863755458518
513,2013-03-22,406763.5,987.2900485436893
514,2013-03-25,254691.86706,707.4774085
515,2013-03-28,422922.8852,1229.4269918604653
516,2013-03-31,368057.53979,946.1633413624679
517,2013-04-03,627608.38,1673.6223466666668
518,2013-04-06,604475.0312999999,1467.172406067961
519,2013-04-09,1009791.57,3088.0476146788988
520,2013-04-12,335017.44,997.0757142857143
521,2013-04-15,370916.0,1120.5921450151056
522,2013-04-18,400475.0,1112.4305555555557
523,2013-04-21,547875.0,1670.3506097560976
524,2013-04-24,682353.6462600001,2472.2958197826088
525,2013-04-27,514176.04017,1295.1537535768261
526,2013-04-30,525692.9110000001,1642.7903468750003
527,2013-05-03,346890.60000000003,1196.1744827586208
528,2013-05-06,498918.70875,1241.0913152985074
529,2013-05-09,462130.57572,1074.7222691162792
530,2013-05-12,515468.88,1363.6742857142858
531,2013-05-15,428204.10276,1182.8842617679556
532,2013-05-18,459607.3143,1351.7862185294118
533,2013-05-21,461457.5,1868.248987854251
534,2013-05-24,537966.5,1650.2039877300613
535,2013-05-27,576455.5395900001,2183.543710568182
536,2013-05-30,559483.4461899999,1956.2358258391605
537,2013-06-02,620381.4719199999,1840.8945754302667
538,2013-06-05,625490.061,2661.659834042553
539,2013-06-08,457611.0,2042.90625
540,2013-06-11,480276.0,2244.2803738317757
541,2013-06-14,433800.0,1156.8
542,2013-06-17,390540.44085,1581.1353880566803
543,2013-06-20,415632.64,1349.4566233766234
544,2013-06-23,478116.4716000001,1665.9110508710805
545,2013-06-26,497284.11095,2240.018517792793
546,2013-06-29,388204.6905,1912.3383768472909
547,2013-07-02,354797.1,2303.8772727272726
548,2013-07-05,302512.92552,1315.2735892173912
549,2013-07-08,363432.84,1366.2888721804513
550,2013-07-11,421195.95,1784.7286016949154
551,2013-07-14,389043.5,1736.8013392857142
552,2013-07-17,417156.26,2025.0303883495146
553,2013-07-20,431456.74,1400.8335714285713
554,2013-07-23,348767.776,1865.068320855615
555,2013-07-26,431077.32200000004,1657.9897
556,2013-07-29,422355.6436,1541.4439547445256
557,2013-08-01,485108.64,1757.64
558,2013-08-04,450833.45913000003,1767.974349529412
559,2013-08-07,467808.0,2339.04
560,2013-08-10,513500.57208,1454.6758415864024
561,2013-08-13,518146.09836000006,1926.1936742007438
562,2013-08-16,428025.95,1394.221335504886
563,2013-08-19,457988.09,1671.489379562044
564,2013-08-22,581359.37,1642.2581073446327
565,2013-08-25,407004.5,1304.5016025641025
566,2013-08-28,526846.5,2461.8995327102803
567,2013-08-31,717779.25,1945.2012195121952
568,2013-09-03,607244.75,1952.555466237942
569,2013-09-06,585630.52,2380.611869918699
570,2013-09-09,590659.2999999999,2709.4463302752292
571,2013-09-12,671022.7999999999,1794.1786096256683
572,2013-09-15,576990.5399999999,1891.7722622950816
573,2013-09-18,518843.94,1907.5144852941175
574,2013-09-21,580573.5,1831.4621451104101
575,2013-09-24,619815.04,2499.2541935483873
576,2013-09-27,562939.2,1613.0063037249283
577,2013-09-30,519050.8,2296.6849557522123
578,2013-10-03,612818.0,2236.5620437956204
579,2013-10-06,616633.6,2008.5785016286645
580,2013-10-09,579968.0,2685.037037037037
581,2013-10-12,632166.21,2508.596071428571
582,2013-10-15,869693.04,3781.274086956522
583,2013-10-18,658078.3,2550.691085271318
584,2013-10-21,896151.27,3613.513185483871
585,2013-10-24,1032543.72,3167.3120245398773
586,2013-10-27,844909.14,3326.413937007874
587,2013-10-30,1004339.82,4782.570571428571
588,2013-11-02,1112209.2,2926.8663157894734
589,2013-11-05,1059769.11,3116.9679705882354
590,2013-11-08,1117647.48,3336.2611343283584
591,2013-11-11,1675519.06,6370.794904942966
592,2013-11-14,1769292.0,2939.0232558139537
593,2013-11-17,2240920.0,4860.997830802603
594,2013-11-20,2439500.0,6114.035087719299
595,2013-11-23,3411457.29,6091.888017857143
596,2013-11-26,3484367.6,10128.975581395349
597,2013-11-29,5040135.0,11200.3
598,2013-12-02,4062353.38,10389.650588235294
599,2013-12-05,4417748.64,13109.046409495548
600,2013-12-08,3258515.93,9051.43313888889
601,2013-12-11,3515555.400000001,10783.912269938653
602,2013-12-14,4334741.1000000015,13631.261320754722
603,2013-12-17,3468829.05,11189.771129032257
604,2013-12-20,3343560.0,10101.389728096678
605,2013-12-23,2550641.4,8765.090721649483
606,2013-12-26,3294608.12,10662.16220064725
607,2013-12-29,2688325.19,6875.511994884911
608,2014-01-01,3741222.1,9819.480577427821
609,2014-01-04,3052674.56,9480.355776397515
610,2014-01-07,4068012.2,15706.610810810811
611,2014-01-10,4188602.52,11865.729518413598
612,2014-01-13,4109431.21,12605.617208588958
613,2014-01-16,4165301.7,10036.871566265061
614,2014-01-19,3841796.0,11103.456647398843
615,2014-01-22,3872557.15,10272.034880636604
616,2014-01-25,3132922.0,8244.531578947368
617,2014-01-28,3331232.6,11771.139929328623
618,2014-01-31,3702735.0,9326.788413098237
619,2014-02-03,3956695.6,10810.643715846994
620,2014-02-06,3259042.0,8667.66489361702
621,2014-02-09,2688060.0,6703.391521197008
622,2014-02-12,2794771.9,8124.336918604651
623,2014-02-15,2939858.46,7016.368639618138
624,2014-02-18,2631807.23,8173.314378881987
625,2014-02-21,2385798.24,6039.995544303798
626,2014-02-24,2486835.0,5810.362149532711
627,2014-02-27,2670130.71,4320.599854368932
628,2014-03-02,2091711.68,5028.153076923077
629,2014-03-05,2685329.15,6646.854331683168
630,2014-03-08,2671683.0,6003.78202247191
631,2014-03-11,2625523.5,7076.882749326145
632,2014-03-14,2220643.83,5116.6908525345625
633,2014-03-17,2788660.8000000003,7113.930612244899
634,2014-03-20,2470920.0,5147.75
635,2014-03-23,2914481.07,7730.719018567639
636,2014-03-26,2322300.5,6192.801333333334
637,2014-03-29,2141742.96,6630.783157894737
638,2014-04-01,2151561.37,6441.800508982036
639,2014-04-04,2246998.38,5072.231106094808
640,2014-04-07,1640071.62,5061.949444444444
641,2014-04-10,1762796.0,4590.614583333333
642,2014-04-13,2018520.0,5576.022099447514
643,2014-04-16,1913010.0,5850.183486238532
644,2014-04-19,2043591.2,4442.589565217391
645,2014-04-22,1906720.45,6334.619435215946
646,2014-04-25,1888943.1,4322.524256292906
647,2014-04-28,1860414.0,4782.555269922879
648,2014-05-01,1937562.12,4702.820679611651
649,2014-05-04,1661523.89,4082.3682800982797
650,2014-05-07,1825905.2,4093.957847533632
651,2014-05-10,2006482.7,4581.010730593607
652,2014-05-13,1871243.85,5705.011737804878
653,2014-05-16,2050664.62,5139.510325814536
654,2014-05-19,1979872.7,5722.175433526011
655,2014-05-22,2193318.08,4226.046396917149
656,2014-05-25,2175800.0,5306.829268292683
657,2014-05-28,2548876.54,7474.711260997067
658,2014-05-31,2363294.0500000003,5148.788779956428
659,2014-06-03,3176090.7,9987.706603773586
660,2014-06-06,2433488.25,5780.2571258907365
661,2014-06-09,2219671.3,6625.8844776119395
662,2014-06-12,2398279.0,6361.482758620689
663,2014-06-15,2611322.91,8084.591052631579
664,2014-06-18,2576805.2,7197.779888268157
665,2014-06-21,2797746.66,7686.1171978021985
666,2014-06-24,2904863.94,9682.8798
667,2014-06-27,2759324.45,5665.963963039015
668,2014-06-30,1943700.0,6093.103448275862
669,2014-07-03,2148517.44,4973.42
670,2014-07-06,2369185.66,5937.808671679199
671,2014-07-09,2490612.24,6045.175339805825
672,2014-07-12,2612605.3200000003,6515.225236907731
673,2014-07-15,2156791.37,6698.109844720498
674,2014-07-18,2510621.96,5330.407558386411
675,2014-07-21,2312487.9,5640.214390243902
676,2014-07-24,2245407.3,5173.749539170506
677,2014-07-27,2389592.83,5286.709800884956
678,2014-07-30,2514709.8000000003,5384.817558886511
679,2014-08-02,2504792.06,5566.204577777778
680,2014-08-05,1921655.52,5894.6488343558285
681,2014-08-08,2378414.8,4986.194549266247
682,2014-08-11,2640682.17,6001.550386363636
683,2014-08-14,2223314.92,6074.630928961748
684,2014-08-17,2047204.56,4839.727092198582
685,2014-08-20,2009922.6,4060.449696969697
686,2014-08-23,1982263.92,5189.172565445026
687,2014-08-26,2134744.77,6976.290098039216
688,2014-08-29,2129878.4,4701.718322295806
689,2014-09-01,1814538.4,4525.033416458853
690,2014-09-04,2034396.0,3362.6380165289256
691,2014-09-07,1979673.78,4816.724525547445
692,2014-09-10,1898407.42,3796.81484
693,2014-09-13,2127699.24,4936.6571693735505
694,2014-09-16,1983852.0,5510.7
695,2014-09-19,1619892.29,3259.3406237424547
696,2014-09-22,1577856.3,3022.7132183908047
697,2014-09-25,1668231.04,3226.75249516441
698,2014-09-28,1324680.0,2572.1941747572814
699,2014-10-01,1401226.99,2987.6908102345415
700,2014-10-04,1205568.0,2172.1945945945945
701,2014-10-07,1252691.6,2899.749074074074
702,2014-10-10,1431572.36,2732.0083206106874
703,2014-10-13,1463662.02,3561.2214598540145
704,2014-10-16,1422111.24,2447.695765920826
705,2014-10-19,1307006.4,2614.0128
706,2014-10-22,1650923.7000000004,3074.345810055867
707,2014-10-25,1329619.79,2466.8270686456403
708,2014-10-28,1335639.22,2890.9939826839827
709,2014-10-31,1606897.35,2884.9144524236985
710,2014-11-03,1266423.47,2605.8096090534978
711,2014-11-06,1265878.48,2045.0379321486269
712,2014-11-09,1243626.6,2048.80823723229
713,2014-11-12,1457077.16,2601.9235
714,2014-11-15,1403379.54,2249.0056730769234
715,2014-11-18,1429601.33,2687.220545112782
716,2014-11-21,1111029.7,1766.3429252782194
717,2014-11-24,1492608.0,2769.21706864564
718,2014-11-27,1224429.32,1726.980705218618
719,2014-11-30,1470379.5599999996,2375.411243941841
720,2014-12-03,1149123.5,2041.0719360568385
721,2014-12-06,1360045.8,2301.26192893401
722,2014-12-09,1222161.81,2182.4318035714286
723,2014-12-12,1264439.88,1715.657910447761
724,2014-12-15,1351903.85,2086.27137345679
725,2014-12-18,1108773.0,1802.8829268292684
726,2014-12-21,1188717.48,2391.7856740442658
727,2014-12-24,1240583.3299999998,2628.354512711864
728,2014-12-27,1263774.55,3559.928309859155
729,2014-12-30,1146848.67,2226.890621359223
730,2015-01-02,1267761.5,2021.9481658692184
731,2015-01-05,1166988.8,1553.9131824234355
732,2015-01-08,938075.2,994.7775185577942
733,2015-01-11,1004330.25,1330.2387417218542
734,2015-01-14,668935.0,1102.0345963756179
735,2015-01-17,677501.4400000001,1070.3024328593997
736,2015-01-20,641951.86,983.0809494640122
737,2015-01-23,725422.39,1283.9334336283187
738,2015-01-26,866260.7700000001,1604.1866111111115
739,2015-01-29,993622.59,1435.8707947976877
740,2015-02-01,940487.92,1975.8149579831934
741,2015-02-04,898474.72,1453.8425889967637
742,2015-02-07,970889.92,1407.0868405797103
743,2015-02-10,828682.24,1302.9594968553458
744,2015-02-13,843389.1,1299.5209553158704
745,2015-02-16,935184.9,1395.7983582089553
746,2015-02-19,993659.67,1314.3646428571428
747,2015-02-22,893732.0,1366.5626911314985
748,2015-02-25,934079.85,1361.6324344023324
749,2015-02-28,857096.24,1011.92
750,2015-03-03,1065967.0,1924.1281588447653
751,2015-03-06,1079500.04,1743.9419063004848
752,2015-03-09,952708.72,1439.1370392749245
753,2015-03-12,992985.21,1363.990673076923
754,2015-03-15,1045239.02,1429.8755403556772
755,2015-03-18,941109.0,1346.3648068669527
756,2015-03-21,925351.87,1402.048287878788
757,2015-03-24,1038159.87,1793.0222279792747
758,2015-03-27,1072838.45,1204.0835578002245
759,2015-03-30,873821.52,1430.1497872340426
760,2015-04-02,931756.04,1325.399772403983
761,2015-04-05,973886.67,1212.810298879203
762,2015-04-08,735211.1,985.5376675603217
763,2015-04-11,814721.3999999998,1080.5323607427054
764,2015-04-14,856656.0,1351.192429022082
765,2015-04-17,749061.88,943.4028715365239
766,2015-04-20,935583.95,1430.5564984709479
767,2015-04-23,815702.72,1139.2496089385475
768,2015-04-26,816453.96,1141.8936503496502
769,2015-04-29,731686.98,1026.2089481065918
770,2015-05-02,863705.57,1226.854502840909
771,2015-05-05,907195.56,1299.707106017192
772,2015-05-08,909134.8,1356.9176119402987
773,2015-05-11,913514.79,1258.2848347107438
774,2015-05-14,837456.48,1069.5485057471265
775,2015-05-17,1022577.86,1444.319011299435
776,2015-05-20,836349.0,1142.5532786885246
777,2015-05-23,719414.01,865.7208303249098
778,2015-05-26,800308.48,1225.587258805513
779,2015-05-29,929799.54,1053.000611551529
780,2015-06-01,771728.0,1219.1595576619272
781,2015-06-04,804501.1799999998,1128.3326507713882
782,2015-06-07,932248.8,1014.4165397170839
783,2015-06-10,905199.7,1110.6744785276073
784,2015-06-13,913282.74,1153.1347727272728
785,2015-06-16,759112.9,1016.2153949129853
786,2015-06-19,999108.3,1318.0848284960423
787,2015-06-22,917161.05,1079.0130000000001
788,2015-06-25,971550.72,933.2859942363112
789,2015-06-28,917924.4,1072.3415887850467
790,2015-07-01,940636.8,1054.5255605381167
791,2015-07-04,1004340.48,740.6640707964601
792,2015-07-07,1000621.44,674.7278759271746
793,2015-07-10,1130127.24,1423.334055415617
794,2015-07-13,1060744.1,1408.6907038512618
795,2015-07-16,945029.52,1072.6782292849036
796,2015-07-19,991991.37,1519.1292036753446
797,2015-07-22,1028008.16,1431.7662395543175
798,2015-07-25,1104263.52,1132.5779692307692
799,2015-07-28,1056073.48,1676.307111111111
800,2015-07-31,999862.58,967.9211810261374
801,2015-08-03,1051958.61,1581.8926466165415
802,2015-08-06,979548.5,1417.581041968162
803,2015-08-09,900570.06,1118.7205714285715
804,2015-08-12,830459.0,1105.8042609853528
805,2015-08-15,894962.5200000001,1188.5292430278887
806,2015-08-18,926771.5,1354.9290935672514
807,2015-08-21,904694.07,1118.2868603213844
808,2015-08-24,842084.76,1222.183976777939
809,2015-08-27,855555.9600000002,922.9298381877024
810,2015-08-30,819141.99,1306.4465550239233
811,2015-09-02,898267.92,1026.5919085714286
812,2015-09-05,893388.69,1230.5629338842975
813,2015-09-08,851509.24,855.7881809045226
814,2015-09-11,1044415.29,921.0011375661376
815,2015-09-14,924674.4,1035.4696528555432
816,2015-09-17,830934.0,971.8526315789474
817,2015-09-20,695204.0,861.4671623296159
818,2015-09-23,868521.1499999998,922.9767800212537
819,2015-09-26,894132.0,1013.7551020408164
820,2015-09-29,1033908.0,1550.0869565217392
821,2015-10-02,748769.22,724.8491965150048
822,2015-10-05,890376.84,1031.7228736964078
823,2015-10-08,841733.41,843.420250501002
824,2015-10-11,935013.52,1007.5576724137932
825,2015-10-14,974099.6,1185.03600973236
826,2015-10-17,888738.21,931.5914150943396
827,2015-10-20,864439.2000000002,1045.2711003627571
828,2015-10-23,1075873.54,945.4073286467487
829,2015-10-26,1089933.75,1067.515915768854
830,2015-10-29,1158573.88,1028.9288454706925
831,2015-11-01,1246623.0,1034.541908713693
832,2015-11-04,1713673.05,1649.3484600577478
833,2015-11-07,1589032.76,1504.7658712121213
834,2015-11-10,1273595.16,1335.0054088050313
835,2015-11-13,1395572.2,1159.113122923588
836,2015-11-16,1457241.0,1633.6782511210763
837,2015-11-19,1159725.0,1175.0
838,2015-11-22,1409226.76,1340.8437297811608
839,2015-11-25,1259375.0,1097.972972972973
840,2015-11-28,1301570.64,1101.1595939086294
841,2015-12-01,1736234.24,1661.4681722488037
842,2015-12-04,1326955.76,1055.6529514717581
843,2015-12-07,1505973.0599999996,1189.5521800947863
844,2015-12-10,2051183.4,1739.7653944020356
845,2015-12-13,1648972.82,1231.4957580283794
846,2015-12-16,1926328.77,1335.8729334257976
847,2015-12-19,1803135.6,1183.159842519685
848,2015-12-22,1553396.74,1936.9036658354114
849,2015-12-25,1537832.4,1463.2087535680303
850,2015-12-28,1719238.9,1648.3594439117928
851,2015-12-31,1557216.18,1357.6427027027025
852,2016-01-03,1604631.24,1478.922801843318
853,2016-01-06,1477472.5,1397.7980132450332
854,2016-01-09,1802400.6,1297.6246220302376
855,2016-01-12,1980490.44,1428.9252813852813
856,2016-01-15,1217938.2,907.5545454545454
857,2016-01-18,1700240.64,1515.3659893048127
858,2016-01-21,1384752.0,961.6333333333333
859,2016-01-24,1694688.25,1294.6434300993124
860,2016-01-27,1537171.65,1219.9775
861,2016-01-30,1689976.32,1556.1476243093923
862,2016-02-02,1552556.36,1332.6664034334765
863,2016-02-05,1755051.09,1268.1004985549134
864,2016-02-08,1527627.0,1227.009638554217
865,2016-02-11,1824977.0,1243.1723433242507
866,2016-02-14,1824390.92,1177.0264
867,2016-02-17,1481533.76,856.3778959537573
868,2016-02-20,1754843.64,1163.6894164456232
869,2016-02-23,1427391.0,946.5457559681697
870,2016-02-26,1609521.62,914.5009204545455
871,2016-02-29,1495225.04,998.8143219772879
872,2016-03-03,1431631.68,989.3791845196959
873,2016-03-06,1437551.76,1209.0426913372582
874,2016-03-09,1725518.7000000004,1390.4260273972607
875,2016-03-12,1501010.0,979.1324200913242
876,2016-03-15,1593584.76,1367.8839141630901
877,2016-03-18,1427774.04,1147.7283279742765
878,2016-03-21,1308642.12,1185.364239130435
879,2016-03-24,1588000.11,1407.801515957447
880,2016-03-27,1646594.4,1107.326429051782
881,2016-03-30,1660945.8,1355.8741224489797
882,2016-04-02,1591174.42,1056.5567197875166
883,2016-04-05,1591759.98,1524.6743103448275
884,2016-04-08,1506409.6,1062.3480959097321
885,2016-04-11,1607456.49,1193.3604231625834
886,2016-04-14,1767502.96,1164.3629512516468
887,2016-04-17,1642389.18,1084.8013077939233
888,2016-04-20,1843768.2548202013,1403.3663716456003
889,2016-04-23,1639604.701346071,1274.7444982821905
890,2016-04-26,1924687.3534362838,1159.0617935778278
891,2016-04-29,1824603.318988384,1100.82068549497
892,2016-05-02,1762341.416986977,1236.3992334917684
893,2016-05-05,1769132.6278985832,1194.4226732480197
894,2016-05-08,1881265.30804062,1652.5271618683837
895,2016-05-11,1525359.473214896,865.4540293909065
896,2016-05-14,1662212.6502245942,1132.8976790625782
897,2016-05-17,1622904.536791814,958.9463834102143
898,2016-05-20,1666418.6731888375,1185.7742378323214
899,2016-05-23,2025077.2407588854,1636.3893216161227
900,2016-05-26,1575322.6797347404,966.2668134115577
901,2016-05-29,1906764.2366455584,1568.1504223232207
902,2016-06-01,1972575.7704647575,1203.4828814832874
903,2016-06-04,1733523.115793347,1048.9372830926109
904,2016-06-07,2169535.061695136,1221.8995745257748
905,2016-06-10,2116658.574865336,1334.6886142945714
906,2016-06-13,2830943.5,1813.3067446708626
907,2016-06-16,2863856.7,1592.9915567252776
908,2016-06-19,3392968.3200000008,2751.0805991809366
909,2016-06-22,1909240.0,1045.1999439825836
910,2016-06-25,2760622.55,2171.8847728414485
911,2016-06-28,2418860.27,1691.605948755738
912,2016-07-01,2649743.25,1977.1477942958709
913,2016-07-04,2555599.5,1804.0931486676018
914,2016-07-07,2195264.8800000004,1397.277611202332
915,2016-07-10,1267110.0,1215.6176817868738
916,2016-07-13,1070321.95,637.9932116115601
917,2016-07-16,1302095.025,1122.052114939185
918,2016-07-19,1084448.36,624.8565811673404
919,2016-07-22,1049710.5450000002,611.6089153989992
920,2016-07-25,1083868.56,594.8067413618921
921,2016-07-28,1126800.225,651.5055363880379
922,2016-07-31,1205755.02,965.8382820643524
923,2016-08-03,1187784.0,812.6594366093935
924,2016-08-06,1232269.97,1047.0009564438747
925,2016-08-09,949947.25,508.09317020675724
926,2016-08-12,1093307.25,699.2345904890267
927,2016-08-15,1035485.43,745.115097291223
928,2016-08-18,1105741.56,710.8770533645599
929,2016-08-21,1182381.625,1042.3149573562496
930,2016-08-24,1110792.9,714.2131894131687
931,2016-08-27,1024500.66,772.0022974599422
932,2016-08-30,1194622.055,774.5519952964014
933,2016-09-02,1109403.0,751.5348673491076
934,2016-09-05,1072259.87,659.3218720765275
935,2016-09-08,1134450.0,719.6320802093337
936,2016-09-11,1251012.5,1137.3408318596826
937,2016-09-14,1197718.9,806.0575858498707
938,2016-09-17,1239350.125,937.2941477712977
939,2016-09-20,1166565.275,719.7332403513086
940,2016-09-23,1027531.44,626.130894003683
941,2016-09-26,1165493.715,772.7231057681058
942,2016-09-29,1083864.36,638.5391318749229
943,2016-10-02,1074561.0,786.3335167087912
944,2016-10-05,1281294.75,801.9767672622193
945,2016-10-08,1311355.5,884.0998575828172
946,2016-10-11,1114413.27,587.723880371066
947,2016-10-14,1090902.33,618.8897101666918
948,2016-10-17,1001040.495,527.4586138252849
949,2016-10-20,1065517.32,528.0690912049708
950,2016-10-23,1186462.78,891.8072029147398
951,2016-10-26,1204154.595,740.8574950204494
952,2016-10-29,1338194.475,868.0911004662827
953,2016-11-01,1321902.0,771.7570971011554
954,2016-11-04,1036526.64,484.742928605121
955,2016-11-07,1294398.36,689.0093027223905
956,2016-11-10,1501227.0,929.3673528046163
957,2016-11-13,1259145.885,813.5340379662763
958,2016-11-16,1590935.5,939.7460935621906
959,2016-11-19,1337807.52,760.6048520179372
960,2016-11-22,1264052.4,593.0051345248307
961,2016-11-25,1450482.78,699.0566591520894
962,2016-11-28,1511320.32,830.2566994271933
963,2016-12-01,1391603.6800000002,847.682084094759
964,2016-12-04,1422187.52,856.8440991654794
965,2016-12-07,1686375.18,947.8247323845952
966,2016-12-10,1287818.0,679.3130462234407
967,2016-12-13,1739710.08,1061.3914807185433
968,2016-12-16,1317539.325,627.2626824252491
969,2016-12-19,1511601.0,806.606069116594
970,2016-12-22,1717668.81,867.9947521325688
971,2016-12-25,1867686.25,1562.5337088079991
972,2016-12-28,2011489.2,1080.192239533193
973,2016-12-31,1785013.43,1055.5752623734884
974,2017-01-03,2141405.0,1164.1774291927443
975,2017-01-06,1805295.6,839.0542619188524
976,2017-01-09,1548900.0,780.3398444879923
977,2017-01-12,1750688.225,1017.1719895652818
978,2017-01-15,1716577.71,1214.7020858986689
979,2017-01-18,1672839.35,845.5159709925659
980,2017-01-21,2095396.75,1439.0041498774485
981,2017-01-24,1723423.4249999996,923.1176205257802
982,2017-01-27,1976661.18,1276.0788685005998
983,2017-01-30,1736959.14,1011.0315571166013
984,2017-02-02,2047540.5,1238.5001425494784
985,2017-02-05,2069248.1,1126.3585126377523
986,2017-02-08,2002536.9,948.2815922624841
987,2017-02-11,1792077.0,948.2755190607797
988,2017-02-14,2198282.4,1179.0815325437025
989,2017-02-17,2094835.8,989.220919607089
990,2017-02-20,2121402.4,1110.4933193740978
991,2017-02-23,2381379.0,1096.0190296183337
992,2017-02-26,2725922.6,1829.5955279540578
993,2017-03-01,2416017.4000000004,1101.3777430251073
994,2017-03-04,2317878.0,1155.1674644351465
995,2017-03-07,2609873.4,1217.7743051277514
996,2017-03-10,2329338.9,1177.951609494233
997,2017-03-13,2417768.25,1283.7911236308908
998,2017-03-16,2470016.0,1155.575408061547
999,2017-03-19,2267078.8000000003,1387.466702059807
1000,2017-03-22,2248010.7,1128.5159089279202
1001,2017-03-25,1696707.27,928.7460311143124
1002,2017-03-28,2192722.6500000004,1156.0233153968866
1003,2017-03-31,1987418.5,1034.3037570883914
1004,2017-04-03,2669294.6,1630.4373539343585
1005,2017-04-06,2391592.35,1210.3491830341006
1006,2017-04-09,2532236.55,1689.6738014402858
1007,2017-04-12,2357939.5,1204.0123591748086
1008,2017-04-15,2416965.0,1341.8894130364445
1009,2017-04-18,2500974.8,1204.7283515511842
1010,2017-04-21,2983037.75,1507.9802401363384
1011,2017-04-24,2119150.85645,1180.1029599714375
1012,2017-04-27,2725014.34976875,1344.741944569048
1013,2017-04-30,2720215.54725,1459.213495499824
1014,2017-05-03,2760373.225428572,1234.5265129022002
1015,2017-05-06,3610789.2028,1671.0077793367896
1016,2017-05-09,3715393.610828572,1730.0160408990314
1017,2017-05-12,3731717.8665,1808.9020121026886
1018,2017-05-15,4090703.349625,2112.267052526509
1019,2017-05-18,3986174.9808625,1959.255833364976
1020,2017-05-21,4331490.18988125,1952.815176219323
1021,2017-05-24,5524488.081,2512.30256280674
1022,2017-05-27,5121736.6836375,2592.3937009318674
1023,2017-05-30,6132063.831414285,3154.4898015098156
1024,2017-06-02,5437774.586957143,2923.7608214501156
1025,2017-06-05,6586584.0163125,3725.7261362233994
1026,2017-06-08,6905690.49109375,3706.9752487351657
1027,2017-06-11,6255384.1416,4097.437703791971
1028,2017-06-14,5217092.61125,2539.2254508176775
1029,2017-06-17,5461151.4595,3347.5103427864246
1030,2017-06-20,5639440.4777500015,2888.392824803852
1031,2017-06-23,6125531.765714286,3770.4571186755525
1032,2017-06-26,5067818.1988571435,2747.665896305218
1033,2017-06-29,4529057.7655,2352.207414110987
1034,2017-07-02,6165436.660142858,5897.567872569094
1035,2017-07-05,5284210.787311146,3322.0288231171976
1036,2017-07-08,5589288.0402437495,4176.115772591385
1037,2017-07-11,5418689.756978571,3527.3813039531788
1038,2017-07-14,4133223.0875833333,2520.8883128966413
1039,2017-07-17,4307537.8817625,2768.0160063428348
1040,2017-07-20,6303559.8062499985,4436.060489456947
1041,2017-07-23,5998934.926383334,5699.669157978101
1042,2017-07-26,4829127.82765,2984.539991778746
1043,2017-07-29,5536229.74975,4116.760307249188
1044,2017-08-01,5102352.597999998,5764.9329827639785
1045,2017-08-04,6553817.395541668,4975.288872404318
1046,2017-08-07,6700311.56775,4117.025846642798
1047,2017-08-10,6163927.560000001,3201.854100517513
1048,2017-08-13,8147957.339500002,4579.764104082642
1049,2017-08-16,8320553.070685714,3935.269910389582
1050,2017-08-19,8768358.087964285,4962.006323389275
1051,2017-08-22,5749751.915025,2607.092414713577
1052,2017-08-25,7153227.770775,3470.622450260486
1053,2017-08-28,8451775.682825001,4872.298300871986
1054,2017-08-31,11260486.7325,6538.305728749591
1055,2017-09-03,9700709.885216668,7649.736146548791
1056,2017-09-06,10290919.41095,6035.40209819495
1057,2017-09-09,9554034.21192,7410.306952198265
1058,2017-09-12,10193192.465866668,7478.906387163617
1059,2017-09-15,8227898.3176666675,5070.620267735784
1060,2017-09-18,6960684.991666667,4051.286841403764
1061,2017-09-21,8287404.385249998,5714.175015000567
1062,2017-09-24,6815446.316325001,5333.849942880796
1063,2017-09-27,8033183.850641668,4577.738596316207
1064,2017-09-30,7690943.393766668,4990.408920244689
1065,2017-10-03,10134350.2293,6573.469482234911
1066,2017-10-06,8954115.668333333,5018.362388535031
1067,2017-10-09,9983563.752925,5412.949708771714
1068,2017-10-12,10754101.414991666,5612.48146598397
1069,2017-10-15,14217107.120833335,9779.893988360445
1070,2017-10-18,11106217.64025,5088.427550534924
1071,2017-10-21,12037733.180825,5898.26065281555
1072,2017-10-24,12165126.45045,5850.976663859081
1073,2017-10-27,8162322.046433332,3441.0580514530943
1074,2017-10-30,12373554.10683,5754.649828060916
1075,2017-11-02,14715617.8482,6464.160308632576
1076,2017-11-05,13953618.89155,7815.818119988837
1077,2017-11-08,15069064.604000002,7200.843226643127
1078,2017-11-11,8125360.769566666,3339.7497948217333
1079,2017-11-14,14299314.224833336,6729.212745744102
1080,2017-11-17,18692415.92218333,10180.888401506165
1081,2017-11-20,20065228.062908333,10444.298434905468
1082,2017-11-23,17540614.875,7818.914829560457
1083,2017-11-26,18860738.1297,8753.091461776528
1084,2017-11-29,23310275.2025,10130.065085866261
1085,2017-12-02,23388265.604166664,11538.117388697041
1086,2017-12-05,28080616.4,12320.036575969474
1087,2017-12-08,40290718.09,16321.68941977502
1088,2017-12-11,42517108.925,19724.53899960119
1089,2017-12-14,47709970.56600001,17989.304984285962
1090,2017-12-17,53191582.1375,25108.93494791534
1091,2017-12-20,40786861.391666666,14980.712140550633
1092,2017-12-23,41833672.649166666,18866.557320258416
1093,2017-12-26,38893686.49833333,22320.172497426986
1094,2017-12-29,40531227.59,18901.071019348605
1095,2018-01-01,32334328.986666664,20864.567817767424
1096,2018-01-04,42527795.29000001,16810.670878477584
1097,2018-01-07,43826673.42666667,19283.464910819777
1098,2018-01-10,41068171.475,19624.219442677313
1099,2018-01-13,33603224.7,18841.62974504676
1100,2018-01-16,28025172.322499994,14671.174250646138
1101,2018-01-19,28241982.9,19127.929999302185
1102,2018-01-22,24447639.64333333,16626.171070591812
1103,2018-01-25,23853113.880000006,15930.306843520166
1104,2018-01-28,24143236.92,17871.64638063023
1105,2018-01-31,15840583.36,9072.765538389238
1106,2018-02-03,18561807.191666666,15048.234840415069
1107,2018-02-06,17000620.933333334,11838.872516248839
1108,2018-02-09,14685356.425000004,11146.537261750818
1109,2018-02-12,18398084.88,16339.15454948159
1110,2018-02-15,16527155.601000002,10924.536331224172
1111,2018-02-18,21269179.125,21603.22905576977
1112,2018-02-21,22261055.1875,18333.8206280062
1113,2018-02-24,18033349.182,16920.77880201121
1114,2018-02-27,21592349.966666665,15730.411952549202
1115,2018-03-02,21569895.065,17249.458562384338
1116,2018-03-05,21689457.57,16043.294601465464
1117,2018-03-08,19122238.46,15771.159190518374
1118,2018-03-11,18756523.695,19019.565529380186
1119,2018-03-14,14672757.0,11059.751300761089
1120,2018-03-17,14888219.023782605,14358.589442727374
1121,2018-03-20,14275767.4275,9289.547791095365
1122,2018-03-23,14450536.159999998,10688.147511817502
1123,2018-03-26,15370403.125000002,12273.412130689381
1124,2018-03-29,13627332.0,10765.260115066187
1125,2018-04-01,13758062.625,16493.91429855915
1126,2018-04-04,12472512.0625,9872.700841029024
1127,2018-04-07,15587298.0,18143.635434786825
1128,2018-04-10,13914521.916666664,12241.405435900184
1129,2018-04-13,16284279.687499998,12365.985900523283
1130,2018-04-16,14177203.375,10193.393755800435
1131,2018-04-19,18366540.625,15310.969924785619
1132,2018-04-22,17677096.666666668,16456.24871511414
1133,2018-04-25,14253380.313333333,8224.840039126457
1134,2018-04-28,14931203.506666668,9383.271138954215
1135,2018-05-01,17923394.916666668,14162.385273147662
1136,2018-05-04,16751009.250000002,10552.105850211577
1137,2018-05-07,17532514.439999998,12824.727844613606
1138,2018-05-10,17520355.416666668,12912.145013503317
1139,2018-05-13,16146155.583333336,15048.622909765694
1140,2018-05-16,18670664.411666665,16031.856634934416
1141,2018-05-19,15829830.041666668,14069.011083120766
1142,2018-05-22,15129407.250000002,11235.242453414778
1143,2018-05-25,16379524.333333336,14694.574309778556
1144,2018-05-28,13947339.5,11508.253661477924
1145,2018-05-31,15919297.249999998,12916.203872073154
1146,2018-06-03,15688517.725,15645.995173699699
1147,2018-06-06,14067189.5,10017.958096959068
1148,2018-06-09,13551637.529166665,11312.412680646523
1149,2018-06-12,11844835.520833332,8003.453717564869
1150,2018-06-15,12305193.3,9145.46502202943
1151,2018-06-18,13762650.4,11497.795092330813
1152,2018-06-21,14388442.37,12346.666815908093
1153,2018-06-24,13225424.94,14311.60006037134
1154,2018-06-27,9288788.415,5962.248147127472
1155,2018-06-30,10494418.5,8172.275196752548
1156,2018-07-03,9617154.0,5146.967958034022
1157,2018-07-06,13022240.0,10366.323205285757
1158,2018-07-09,11427128.0,7524.180608677971
1159,2018-07-12,11268737.625,7806.480483086445
1160,2018-07-15,10424456.875,8603.438789551414
1161,2018-07-18,16010523.0,11667.473591630405
1162,2018-07-21,12556546.625,9308.544166626083
1163,2018-07-24,15319928.25,9391.916161252015
1164,2018-07-27,16568111.75,12061.511973783441
1165,2018-07-30,13817728.249999998,8018.1167202196375
1166,2018-08-02,14541709.8,9893.94724755751
1167,2018-08-05,14016460.0,13024.861047386183
1168,2018-08-08,12792695.748217406,8535.313829230816
1169,2018-08-11,13261117.57703718,11714.889928685192
1170,2018-08-14,10446684.928103914,5737.572389457045
1171,2018-08-17,12467282.792024255,8105.541563888239
1172,2018-08-20,12251866.122458473,8548.48950088505
1173,2018-08-23,12109214.18260944,8301.156249810476
1174,2018-08-26,14616492.467245607,14637.899337374833
1175,2018-08-29,12423621.458100973,7270.843014450188
1176,2018-09-01,13539458.248050345,9583.50261075794
1177,2018-09-04,11716417.73497896,6355.966824994505
1178,2018-09-07,12425079.415208057,8183.249149060291
1179,2018-09-10,10753469.61358448,6513.862131657161
1180,2018-09-13,12063757.558314493,7623.26007382528
1181,2018-09-16,11344822.244742066,8785.95907143934
1182,2018-09-19,12463162.535762325,7744.887628432952
1183,2018-09-22,13124461.711199127,9019.76866428065
1184,2018-09-25,13676604.30322622,9167.89743981957
1185,2018-09-28,13046981.404769288,7902.938323130875
1186,2018-10-01,13160999.446744487,8563.701147292762
1187,2018-10-04,12429603.122545015,7667.640530117382
1188,2018-10-07,11727102.619028894,7578.578224748001
1189,2018-10-10,11916022.173810994,7005.275441543135
1190,2018-10-13,11117559.48964364,7643.09516004502
1191,2018-10-16,11259236.32218854,5892.214521607232
1192,2018-10-19,11629773.630047524,6506.141433370689
1193,2018-10-22,12699337.842939215,7709.409870030151
1194,2018-10-25,11207341.459096802,6030.682680985636
1195,2018-10-28,11390873.43593899,7253.353411404798
1196,2018-10-31,12962284.68892546,7329.091220414835
1197,2018-11-03,12893634.882908147,8318.007469619863
1198,2018-11-06,10436213.8779013,4679.736194202741
1199,2018-11-09,10321706.721589923,4617.383667406094
1200,2018-11-12,11326127.080883292,5285.420262673616
1201,2018-11-15,9131131.585944597,3977.887698876473
1202,2018-11-18,8720411.742962854,4472.882509328204
1203,2018-11-21,6176914.177171962,2544.013887876678
1204,2018-11-24,7809122.345346143,4466.514258568411
1205,2018-11-27,6283605.987686862,3065.367699265934
1206,2018-11-30,5352395.991837349,2161.010865878517
1207,2018-12-03,5777217.666381482,2736.7435714953085
1208,2018-12-06,6422799.814599185,3100.5384331026557
1209,2018-12-09,5705487.756085352,3061.1790835310753
1210,2018-12-12,5270463.568450036,2419.280737402617
1211,2018-12-15,6066378.704446091,3438.4276681000288
1212,2018-12-18,5802769.461065993,2789.7406186649405
1213,2018-12-21,7151635.290515605,3568.3241645123267
1214,2018-12-24,8035501.839386024,4485.529695834606
1215,2018-12-27,8214950.877737681,4764.353885495489
1216,2018-12-30,8485747.746835375,5580.246538968633
1217,2019-01-02,7368988.355945586,4095.44947937321
1218,2019-01-05,7929513.785019388,4873.867789971644
1219,2019-01-08,8610282.07594605,4568.376859624023
1220,2019-01-11,6853670.724864532,3289.349445734213
1221,2019-01-14,6784730.482436492,3094.494212721849
1222,2019-01-17,5831717.37006628,2496.260826769637
1223,2019-01-20,7156712.105229397,3820.2483374734475
1224,2019-01-23,6614477.629649432,3290.403667294109
1225,2019-01-26,6801219.2824885,3538.799772354701
1226,2019-01-29,6315437.43678308,2826.981272405522
1227,2019-02-01,6936405.398501813,3229.6482092151746
1228,2019-02-04,6402647.08737789,2807.1064930583557
1229,2019-02-07,7460609.226392307,3676.9882830913293
1230,2019-02-10,6428885.586139229,3004.0619008757817
1231,2019-02-13,7058241.982565002,3062.265592136263
1232,2019-02-16,6888190.191543577,3110.8504283820735
1233,2019-02-19,7813554.817929467,3500.1939788911072
1234,2019-02-22,8191358.181069499,3788.116747452966
1235,2019-02-25,6994145.370604962,2971.0688403325557
1236,2019-02-28,7323163.726893245,2986.3891422706515
1237,2019-03-03,7067388.259193323,2917.4110314666673
1238,2019-03-06,6329827.671861834,2915.889996143116
1239,2019-03-09,6857453.694253441,3951.399670164243
1240,2019-03-12,7059132.678641022,3533.853917325098
1241,2019-03-15,7615289.199079893,3923.424074685064
1242,2019-03-18,8136441.822524765,4493.8067389118105
1243,2019-03-21,7340679.564176298,3490.7724922091925
1244,2019-03-24,7553863.147238548,5009.946110758391
1245,2019-03-27,7663796.726939428,2980.029834894737
1246,2019-03-30,7361068.337672193,2708.4027045590583
1247,2019-04-02,9710160.92389774,3796.93321673581
1248,2019-04-05,10409196.260320876,4248.761293576941
1249,2019-04-08,10327106.66303054,4104.033344687596
1250,2019-04-11,10621161.128495222,4139.806399108618
1251,2019-04-14,8035239.172794224,2908.640711749386
1252,2019-04-17,9397443.838735396,3697.491994701114
1253,2019-04-20,8991647.2126373,3682.7969761614754
1254,2019-04-23,8548641.41204141,3180.8592180245373
1255,2019-04-26,10450062.881594073,4139.355301476893
1256,2019-04-29,11128177.917684952,4994.102538174229
